title,byline,url,category,issue_number,date
Yesterday's Wolf,by Ray Nayler,https://clarkesworldmagazine.com/nayler_09_21,FICTION,180,September 2021
It is a Pleasure to Receive You,by Ziggy Schutz,https://clarkesworldmagazine.com/schutz_09_21,FICTION,180,September 2021
Xiaolongbao: Soup Dumplings,by D.A. Xiaolin Spires,https://clarkesworldmagazine.com/spires_09_21,FICTION,180,September 2021
Dog and Pony Show,by Robert Jeschonek,https://clarkesworldmagazine.com/jeschonek_09_21,FICTION,180,September 2021
The Winter Garden,"by Regina Kanyu Wang, translated by Emily Jin",https://clarkesworldmagazine.com/wang_09_21,FICTION,180,September 2021
In a Net I Seek to Hold the Wind,by Gregory Feeley,https://clarkesworldmagazine.com/feeley_09_21,FICTION,180,September 2021
Excerpts from the Text of an Explanatory Stele Erected for Our Edification by the Scholars of the Outer Orion Tendril,by Timons Esaias,https://clarkesworldmagazine.com/esaias_09_21,FICTION,180,September 2021
Under Pressure: Life's Last Dance?,by Julie Nováková,https://clarkesworldmagazine.com/novakova_09_21,NON-FICTION,180,September 2021
The Practice of Writing: A Conversation with Nina Allan,by Arley Sorg,https://clarkesworldmagazine.com/allan_interview,NON-FICTION,180,September 2021
"5,000 Words a Day: A Conversation with Cat Rambo",by Arley Sorg,https://clarkesworldmagazine.com/rambo_interview_2021,NON-FICTION,180,September 2021
Editor's Desk: Ten+ Years of Translation,by Neil Clarke,https://clarkesworldmagazine.com/clarke_09_21,NON-FICTION,180,September 2021
Vimana,by Daniele Gay,https://clarkesworldmagazine.com/artbio_180,COVER ART,180,September 2021
Paper of Elephants,by Brenda Cooper,https://clarkesworldmagazine.com/cooper_10_21,FICTION,181,October 2021
The Answer Was Snails,by Bo Balder,https://clarkesworldmagazine.com/balder_10_21,FICTION,181,October 2021
Legend of the Giant,"by Fei Dao, translated by Ken Liu",https://clarkesworldmagazine.com/fei_10_21,FICTION,181,October 2021
"Love Unflinching, at Low- to Zero-G",by M. L. Clark,https://clarkesworldmagazine.com/clark_10_21,FICTION,181,October 2021
Rain Falling in the Pines,by Lavie Tidhar,https://clarkesworldmagazine.com/tidhar_10_21,FICTION,181,October 2021
Through,by Eric Fomley and Rich Larson,https://clarkesworldmagazine.com/fomley_larson_10_21,FICTION,181,October 2021
A Well-Worn Path,by AnaMaria Curtis,https://clarkesworldmagazine.com/curtis_10_21,FICTION,181,October 2021
The Mermaid Problem,by Carrie Sessarego,https://clarkesworldmagazine.com/sessarego_10_21,NON-FICTION,181,October 2021
Breaking Out of the Box: A Conversation with Cadwell Turnbull,by Arley Sorg,https://clarkesworldmagazine.com/turnbull_interview,NON-FICTION,181,October 2021
The Freedom of Science Fiction: A Conversation with Tobias S. Buckell,by Arley Sorg,https://clarkesworldmagazine.com/buckell_interview_2021,NON-FICTION,181,October 2021
Editor's Desk: Fifteen,by Neil Clarke,https://clarkesworldmagazine.com/clarke_10_21,NON-FICTION,181,October 2021
Mermay 2021,by Alexander Thümler,https://clarkesworldmagazine.com/artbio_181,COVER ART,181,October 2021
Mom Heart,by Will McIntosh,https://clarkesworldmagazine.com/mcintosh_11_21,FICTION,182,November 2021
Dark Waters Still Flow,by Alice Towey,https://clarkesworldmagazine.com/towey_11_21,FICTION,182,November 2021
"This Stitch, This Time",by Anna Martino,https://clarkesworldmagazine.com/martino_11_21,FICTION,182,November 2021
City of Eternity,"by Pan Haitian, translated by Carmen Yiling Yan",https://clarkesworldmagazine.com/pan_11_21,FICTION,182,November 2021
The Language Birds Speak,by Rebecca Campbell,https://clarkesworldmagazine.com/campbell_11_21,FICTION,182,November 2021
Between Zero and One There is Infinity,by Shari Paul,https://clarkesworldmagazine.com/paul_11_21,FICTION,182,November 2021
The Death Haiku of the Azure Five,by L Chan,https://clarkesworldmagazine.com/chan_11_21,FICTION,182,November 2021
Navigating the Storms of the Mind,by Douglas F. Dluzen,https://clarkesworldmagazine.com/dluzen_11_21,NON-FICTION,182,November 2021
Celebrating the Diversity of Chinese Culture: A Conversation with Xueting Christine Ni,by Arley Sorg,https://clarkesworldmagazine.com/ni_interview,NON-FICTION,182,November 2021
Explicit Queerness: A Conversation with Charlie Jane Anders,by Arley Sorg,https://clarkesworldmagazine.com/anders_interview_2021,NON-FICTION,182,November 2021
Editor's Desk: Changing the Conventional Wisdom,by Neil Clarke,https://clarkesworldmagazine.com/clarke_11_21,NON-FICTION,182,November 2021
Space Cadet,by Pascal Blanché,https://clarkesworldmagazine.com/artbio_182,COVER ART,182,November 2021
The Cold Calculations,by Aimee Ogden,https://clarkesworldmagazine.com/ogden_12_21,FICTION,183,December 2021
Beneath the Earth Where the Nymphs Sleep,by Meghan Feldman,https://clarkesworldmagazine.com/feldman_12_21,FICTION,183,December 2021
Vegvísir,by David Goodman,https://clarkesworldmagazine.com/goodman_12_21,FICTION,183,December 2021
You Are Born Exploding,by Rich Larson,https://clarkesworldmagazine.com/larson_12_21,FICTION,183,December 2021
Other Stories,"by Wang Yuan, translated by Andy Dudak",https://clarkesworldmagazine.com/wang_12_21,FICTION,183,December 2021
"Just One Step, and Then the Next",by E. N. Díaz,https://clarkesworldmagazine.com/diaz_12_21,FICTION,183,December 2021
A Series of Endings,by Amal Singh,https://clarkesworldmagazine.com/singh_12_21,FICTION,183,December 2021
A Universe of Possibilities: Planets of Red Dwarfs,by Julie Nováková,https://clarkesworldmagazine.com/novakova_12_21,NON-FICTION,183,December 2021
Navigating the Seas of South Asian Diversity: A Conversation with Tarun K. Saint,by Arley Sorg,https://clarkesworldmagazine.com/saint_interview,NON-FICTION,183,December 2021
A Whole New Realm: A Conversation with Diana M. Pho,by Arley Sorg,https://clarkesworldmagazine.com/pho_interview,NON-FICTION,183,December 2021
Editor's Desk: Worldcon Bound,by Neil Clarke,https://clarkesworldmagazine.com/clarke_12_21,NON-FICTION,183,December 2021
The Variable Man,by Douglas P. Lobo,https://clarkesworldmagazine.com/artbio_183,COVER ART,183,December 2021
The Uncurling of Samsara,by Koji A. Dae,https://clarkesworldmagazine.com/dae_01_22,FICTION,184,January 2022
The Lion and the Virgin,by Megan J. Kerr,https://clarkesworldmagazine.com/kerr_01_22,FICTION,184,January 2022
"The Five Rules of Supernova Surfing or A For Real Solution to the Fermi Paradox, Bro",by Geoffrey W. Cole,https://clarkesworldmagazine.com/cole_01_22,FICTION,184,January 2022
Bishop's Opening,by R.S.A. Garcia,https://clarkesworldmagazine.com/garcia_01_22,FICTION,184,January 2022
No One at the Wild Dock,"by Gu Shi, translated by S. Qiouyi Lu",https://clarkesworldmagazine.com/gu_01_22,FICTION,184,January 2022
Learning to Hate Yourself as a Self-Defense Mechanism,by Andrea Kriz,https://clarkesworldmagazine.com/kriz_01_22,FICTION,184,January 2022
For Whom the Psychopomp Calls,by Filip Hajdar Drnovšek Zorko,https://clarkesworldmagazine.com/drnovsek-zorko_01_22,FICTION,184,January 2022
Zero-g Zoo: Trying to Solve Reproduction in Space,by Julie Nováková,https://clarkesworldmagazine.com/novakova_01_22,NON-FICTION,184,January 2022
Working Towards Legacy: A Conversation with Ann & Jeff VanderMeer,by Arley Sorg,https://clarkesworldmagazine.com/vandermeers_interview,NON-FICTION,184,January 2022
It’s . . . Complicated: A Conversation with James S.A. Corey,by Arley Sorg,https://clarkesworldmagazine.com/corey_interview_2022,NON-FICTION,184,January 2022
Editor’s Desk: 2021 in Review,by Neil Clarke,https://clarkesworldmagazine.com/clarke_01_22,NON-FICTION,184,January 2022
Return to Heaven 7,by Zezhou Chen,https://clarkesworldmagazine.com/artbio_184,COVER ART,184,January 2022
The Massage Lady at Munjeong Road Bathhouse,by Isabel J. Kim,https://clarkesworldmagazine.com/kim_02_22,FICTION,185,February 2022
The Plasticity of Youth,by Marissa Lingen,https://clarkesworldmagazine.com/lingen_02_22,FICTION,185,February 2022
You're Not the Only One,by Octavia Cade,https://clarkesworldmagazine.com/cade_02_22,FICTION,185,February 2022
Informed Consent Logs from the Soul Swap Clinic,by Sarah Pauling,https://clarkesworldmagazine.com/pauling_02_22,FICTION,185,February 2022
The Old Moon,by John McNeil,https://clarkesworldmagazine.com/mcneil_02_22,FICTION,185,February 2022
The Direction of Clocks,by Jess Levine,https://clarkesworldmagazine.com/levine_02_22,FICTION,185,February 2022
Babirusa,by Arula Ratnakar,https://clarkesworldmagazine.com/ratnakar_02_22,FICTION,185,February 2022
COVID-19 and the Mental Health Crisis,by Douglas F. Dluzen,https://clarkesworldmagazine.com/dluzen_02_22,NON-FICTION,185,February 2022
Community and Story: A Conversation with Zoraida Córdova,by Arley Sorg,https://clarkesworldmagazine.com/cordova_interview,NON-FICTION,185,February 2022
Staying Loose: A Conversation with Max Gladstone,by Arley Sorg,https://clarkesworldmagazine.com/gladstone_interview,NON-FICTION,185,February 2022
Editor's Desk: 2021 Reader's Poll Finalists,by Neil Clarke,https://clarkesworldmagazine.com/clarke_02_22,NON-FICTION,185,February 2022
Talk,by JC Jongwon Park,https://clarkesworldmagazine.com/artbio_185,COVER ART,185,February 2022
The Dragon Project,by Naomi Kritzer,https://clarkesworldmagazine.com/kritzer_03_22,FICTION,186,March 2022
Saturn Devouring His Son,by EA Mylonas,https://clarkesworldmagazine.com/mylonas_03_22,FICTION,186,March 2022
Rain of Days,by Ray Nayler,https://clarkesworldmagazine.com/nayler_03_22,FICTION,186,March 2022
The Memory of Water,by Tegan Moore,https://clarkesworldmagazine.com/moore_03_22,FICTION,186,March 2022
Wanting Things,by Cal Ritterhoff,https://clarkesworldmagazine.com/ritterhoff_03_22,FICTION,186,March 2022
It Takes a Village,by Priya Chand,https://clarkesworldmagazine.com/chand_03_22,FICTION,186,March 2022
Meddling Fields,by R.T. Ester,https://clarkesworldmagazine.com/ester_03_22,FICTION,186,March 2022
Commencement Address,"by Arthur Liu, translated by Stella Jiayue Zhu",https://clarkesworldmagazine.com/liu_03_22,FICTION,186,March 2022
Validating Rage: Women in Horror,by Carrie Sessarego,https://clarkesworldmagazine.com/sessarego_03_22,NON-FICTION,186,March 2022
Breaking the Gender Barrier: A Conversation with Regina Kanyu Wang and Yu Chen,by Arley Sorg,https://clarkesworldmagazine.com/wang-chen_interview,NON-FICTION,186,March 2022
Friendship in the Time Of Kaiju: A Conversation with John Scalzi,by Arley Sorg,https://clarkesworldmagazine.com/scalzi_interview_2022,NON-FICTION,186,March 2022
Editor's Desk: The Best from 2021,by Neil Clarke,https://clarkesworldmagazine.com/clarke_03_22,NON-FICTION,186,March 2022
SurtiBot and Mister Oink,by Alejandro Burdisio,https://clarkesworldmagazine.com/artbio_186,COVER ART,186,March 2022
Doc Luckless and the Stationmistress,by Thoraiya Dyer,https://clarkesworldmagazine.com/dyer_04_22,FICTION,187,April 2022
Two Spacesuits,by Leonard Richardson,https://clarkesworldmagazine.com/richardson_04_22,FICTION,187,April 2022
Dream Factory,by Greg Egan,https://clarkesworldmagazine.com/egan_04_22,FICTION,187,April 2022
Hanuman the Monkey King,"by Pan Haitian, translated by Emily Jin",https://clarkesworldmagazine.com/pan_04_22,FICTION,187,April 2022
An Expression of Silence,by Beth Goder,https://clarkesworldmagazine.com/goder_04_22,FICTION,187,April 2022
An Urge To Create Honey,by Martin Cahill,https://clarkesworldmagazine.com/cahill_04_22,FICTION,187,April 2022
"The Carrion Droid, Zoe, and a Small Flame",by Parker Ragland,https://clarkesworldmagazine.com/ragland_04_22,FICTION,187,April 2022
Finding Endor: The Quest for Habitable Exomoons,by Julie Nováková,https://clarkesworldmagazine.com/novakova_04_22,NON-FICTION,187,April 2022
A Whole World of SFF: A Conversation with Rachel Cordasco,by Arley Sorg,https://clarkesworldmagazine.com/cordasco_interview,NON-FICTION,187,April 2022
Unpredictable Changes and Surprises: A Conversation with Djuna,by Gord Sellar and Jihyun Park,https://clarkesworldmagazine.com/djuna_interview,NON-FICTION,187,April 2022
"Editor's Desk: Looking Ahead, 2022 Edition",by Neil Clarke,https://clarkesworldmagazine.com/clarke_04_22,NON-FICTION,187,April 2022
Ashes,by Yuumei,https://clarkesworldmagazine.com/artbio_187,COVER ART,187,April 2022
Wants Pawn Term,by Rich Larson,https://clarkesworldmagazine.com/larson_05_22,FICTION,188,May 2022
Tea Parties around Nebula-55,by Adriana C. Grigore,https://clarkesworldmagazine.com/grigore_05_22,FICTION,188,May 2022
Hatching,by Bo Balder,https://clarkesworldmagazine.com/balder_05_22,FICTION,188,May 2022
Kora Is Life,by David D. Levine,https://clarkesworldmagazine.com/levine_05_22,FICTION,188,May 2022
The Possibly Brief Life of Guang Hansheng,"by Liang Qingsan, translated by Andy Dudak",https://clarkesworldmagazine.com/liang_05_22,FICTION,188,May 2022
A Manual on Different Options of How to Bring A Loved One to Life,by Oyedotun Damilola Muees,https://clarkesworldmagazine.com/muees_05_22,FICTION,188,May 2022
Gamma,"by Oskar Källner, translated by Gordon James Jones",https://clarkesworldmagazine.com/kallner_05_22,FICTION,188,May 2022
Of Time and Travel,by Galen T. Pickett,https://clarkesworldmagazine.com/pickett_05_22,NON-FICTION,188,May 2022
Making Short Work of Commentary: A Conversation with Dennard Dayle,by Arley Sorg,https://clarkesworldmagazine.com/dayle_interview,NON-FICTION,188,May 2022
More Complex Than Caricature: A Conversation with Alex Shvartsman & Tarryn Thomas,by Arley Sorg,https://clarkesworldmagazine.com/shvartsman-thomas_interview,NON-FICTION,188,May 2022
Editor's Desk: Recognition,by Neil Clarke,https://clarkesworldmagazine.com/clarke_05_22,NON-FICTION,188,May 2022
Shrine of Nameless Stars,by Daniel Ignacio,https://clarkesworldmagazine.com/artbio_188,COVER ART,188,May 2022
Company Town,by Aimee Ogden,https://clarkesworldmagazine.com/ogden_06_22,FICTION,189,June 2022
The Art of Navigating an Affair in a Time Rift,by Nika Murphy,https://clarkesworldmagazine.com/murphy_06_22,FICTION,189,June 2022
Manjar dos Deuses,by Anna Martino,https://clarkesworldmagazine.com/martino_06_22,FICTION,189,June 2022
The Odyssey Problem,by Chris Willrich,https://clarkesworldmagazine.com/willrich_06_22,FICTION,189,June 2022
Inhuman Lovers,"by Chen Qian, translated by Carmen Yiling Yan",https://clarkesworldmagazine.com/chen_06_22,FICTION,189,June 2022
We Built This City,by Marie Vibbert,https://clarkesworldmagazine.com/vibbert_06_22,FICTION,189,June 2022
Marsbodies,by Adele Gardner,https://clarkesworldmagazine.com/gardner_06_22,FICTION,189,June 2022
Visitors From Other Stars: The First Interstellar Objects,by Pauline Barmby,https://clarkesworldmagazine.com/barmby_06_22,NON-FICTION,189,June 2022
A Whole New Wonderful Nightmare: A Conversation with Sam J. Miller,by Arley Sorg,https://clarkesworldmagazine.com/miller_interview,NON-FICTION,189,June 2022
Everyday Dystopia: A Conversation with Samit Basu,by Arley Sorg,https://clarkesworldmagazine.com/basu_interview,NON-FICTION,189,June 2022
Editor's Desk: Managing This Expectation,by Neil Clarke,https://clarkesworldmagazine.com/clarke_06_22,NON-FICTION,189,June 2022
The Pod,by Eddie Mendoza,https://clarkesworldmagazine.com/artbio_189,COVER ART,189,June 2022
The Forgotten,by Eliane Boey,https://clarkesworldmagazine.com/boey_07_22,FICTION,190,July 2022
To Be,by Ahmed Asi,https://clarkesworldmagazine.com/asi_07_22,FICTION,190,July 2022
Carapace,by David Goodman,https://clarkesworldmagazine.com/goodman_07_22,FICTION,190,July 2022
The Sadness Box,by Suzanne Palmer,https://clarkesworldmagazine.com/palmer_07_22,FICTION,190,July 2022
The Strange Girl,"by Xiu Xinyu, translated by Emily Jin",https://clarkesworldmagazine.com/xiu_07_22,FICTION,190,July 2022
Termination Stories for the Cyberpunk Dystopia Protagonist,by Isabel J. Kim,https://clarkesworldmagazine.com/kim_07_22,FICTION,190,July 2022
Reef Renewal Foundation Bonaire: Hope on a Small Island,by E.E. King,https://clarkesworldmagazine.com/king_07_22,NON-FICTION,190,July 2022
Mushrooms Sprout From Dead Things: A Conversation with Silvia Moreno-Garcia,by Arley Sorg,https://clarkesworldmagazine.com/moreno-garcia_interview,NON-FICTION,190,July 2022
Dirty Words: A Conversation with Eileen Gunn,by Arley Sorg,https://clarkesworldmagazine.com/gunn_interview_2022,NON-FICTION,190,July 2022
Editor's Desk: I'm Still Here,by Neil Clarke,https://clarkesworldmagazine.com/clarke_07_22,NON-FICTION,190,July 2022
Red Sand Planet Sightseeing,by Henrik Lundblad,https://clarkesworldmagazine.com/artbio_190,COVER ART,190,July 2022
"Tender, Tether, Shell",by M. J. Pettit,https://clarkesworldmagazine.com/pettit_08_22,FICTION,191,August 2022
The Pirate's Consigliere,by Bo Balder,https://clarkesworldmagazine.com/balder_08_22,FICTION,191,August 2022
Pollatomish,by Finbarr O’Reilly,https://clarkesworldmagazine.com/oreilly_08_22,FICTION,191,August 2022
Polly and (Not) Charles Conquer the Solar System,by Carrie Vaughn,https://clarkesworldmagazine.com/vaughn_08_22,FICTION,191,August 2022
Slight Forms,by R.T. Ester,https://clarkesworldmagazine.com/ester_08_22,FICTION,191,August 2022
The Scene of the Crime,by Leonard Richardson,https://clarkesworldmagazine.com/richardson_08_22,FICTION,191,August 2022
Migratory Patterns of the Modern American Skyscraper,by Derrick Boden,https://clarkesworldmagazine.com/boden_08_22,FICTION,191,August 2022
To Bear Witness: The Polar Bear as Refugee in Speculative Fiction,by Octavia Cade,https://clarkesworldmagazine.com/cade_08_22,NON-FICTION,191,August 2022
Abstract Concepts: A Conversation with Ashley Mackenzie,by Arley Sorg,https://clarkesworldmagazine.com/mackenzie_interview,NON-FICTION,191,August 2022
War and Peace: A Conversation with Anya Ow,by Arley Sorg,https://clarkesworldmagazine.com/ow_interview,NON-FICTION,191,August 2022
Editor's Desk: Aristotle Would Be Disappointed,by Neil Clarke,https://clarkesworldmagazine.com/clarke_08_22,NON-FICTION,191,August 2022
Transport Walker,by Hamish Frater,https://clarkesworldmagazine.com/artbio_191,COVER ART,191,August 2022
The Slow Deaths of Automobiles,by Fiona Moore,https://clarkesworldmagazine.com/moore_09_22,FICTION,192,September 2022
Border Run,by Octavia Cade,https://clarkesworldmagazine.com/cade_09_22,FICTION,192,September 2022
Sub-son,by Amal Singh,https://clarkesworldmagazine.com/singh_09_22,FICTION,192,September 2022
Shining Bursa and the Listening Post,by Sarah Pauling,https://clarkesworldmagazine.com/pauling_09_22,FICTION,192,September 2022
Live Update,by Lettie Prell,https://clarkesworldmagazine.com/prell_09_22,FICTION,192,September 2022
Timekeepers' Symphony,by Ken Liu,https://clarkesworldmagazine.com/liu_09_22,FICTION,192,September 2022
Rivers Bend,by James Sallis,https://clarkesworldmagazine.com/sallis_09_22,FICTION,192,September 2022
The White Tree of Gondor: A Brief Overview of Modern Ukrainian SF&F,by Volodymyr Arenev and Mykhailo Nazarenko,https://clarkesworldmagazine.com/arenev_nazarenko_09_22,NON-FICTION,192,September 2022
Intersectional Communities: A Conversation with Tory Stephens,by Arley Sorg,https://clarkesworldmagazine.com/stephens_interview,NON-FICTION,192,September 2022
Weird Compost: A Conversation with Ruthanna Emrys,by Arley Sorg,https://clarkesworldmagazine.com/emrys_interview,NON-FICTION,192,September 2022
Editor's Desk: Not Alone,by Neil Clarke,https://clarkesworldmagazine.com/clarke_09_22,NON-FICTION,192,September 2022
Canvas of Life - Violet,by Raja Nandepu,https://clarkesworldmagazine.com/artbio_192,COVER ART,192,September 2022
